Period,Electricity_MWh,NaturalGas_MWh,Steam_MWh,Production_t,OperatingHours_h,Notes
2024-01,3720.1,4313.6,1735.5,43242,696,
2024-02,3610.6,4512.3,1755.6,44045,704,
2024-03,3790.5,4093.7,1763.2,48004,649,
2024-04,3831.7,4543.9,1792.8,51461,655,
2024-05,3666.2,4259.9,1674.5,47401,600,
2024-06,3748.1,4141.4,1694.1,46742,588,
2024-07,3818.2,4208.3,1710.2,49735,576,
2024-08,3846.9,3880.9,1673.1,45537,650,
2024-09,3558.4,3858.9,1617.8,40009,630,
2024-10,3592.5,3898.5,1629.4,40239,636,
2024-11,4859.6,3944.1,1667.8,35940,712,Electricity spike (planned maintenance?)
2024-12,3607.3,3653.1,1558.3,34961,677,
2025-01,3547.3,3702.9,1585.8,36730,713,
2025-02,3346.1,3562.3,1485.0,32315,642,
2025-03,3264.4,3795.1,,34570,629,Steam meter missing
2025-04,3338.0,3917.5,1555.2,39777,635,
2025-05,3486.6,3891.6,1570.4,41087,622,
2025-06,3578.8,4183.6,1717.0,46572,595,
2025-07,3435.1,4261.8,1606.7,45057,592,Possible gas efficiency drift
2025-08,3546.5,4441.2,1643.2,44455,608,Possible gas efficiency drift
2025-09,3639.3,4530.6,1715.1,51318,609,Possible gas efficiency drift
2025-10,3566.2,4534.4,1656.3,45821,660,Possible gas efficiency drift
2025-11,3702.2,4578.6,1766.3,44559,690,Possible gas efficiency drift
2025-12,3766.9,4363.3,1717.5,38438,720,Possible gas efficiency drift
