Period,Electricity_MWh,NaturalGas_MWh,Steam_MWh,Production_t,OperatingHours_h,Notes,Date,TotalEnergy_MWh,Intensity_kWh_per_t,ExpectedEnergy_MWh,Residual_MWh,NormalizedEnergy_MWh,Intensity_roll,NormEnergy_roll,z_resid,Flags,Drift_z
2024-01,3720.1,4313.6,1735.5,43242.0,696.0,,2024-01-01,9769.2,225.91924517829887,9781.309086224564,-12.109086224563725,9540.474247108763,225.91924517829887,9540.474247108763,-0.053802240951858885,,
2024-02,3610.6,4512.3,1755.6,44045.0,704.0,,2024-02-01,9878.5,224.28198433420366,9884.689050258392,-6.189050258391944,9546.394283074935,225.10061475625128,9543.434265091848,-0.027498753175090623,,
2024-03,3790.5,4093.7,1763.2,48004.0,649.0,,2024-03-01,9647.4,200.97075243729688,9848.978349328729,-201.57834932872902,9351.004984004598,217.05732731659978,9479.291171396098,-0.8956387559006752,,
2024-04,3831.7,4543.9,1792.8,51461.0,655.0,,2024-04-01,10168.399999999998,197.59429470861426,10129.794786416165,38.605213583832665,9591.18854691716,207.61567716003825,9496.195937998897,0.17152797202996,,
2024-05,3666.2,4259.9,1674.5,47401.0,600.0,,2024-05-01,9600.599999999999,202.54003080103791,9523.065936677081,77.53406332291706,9630.117396656244,200.36835931564966,9524.103642526,0.34449390148153497,,
2024-06,3748.1,4141.4,1694.1,46742.0,588.0,,2024-06-01,9583.6,205.031877112661,9406.840036040423,176.75996395957736,9729.343297292904,201.72206754077106,9650.216413622104,0.7853674501304254,,0.7594430245565151
2024-07,3818.2,4208.3,1710.2,49735.0,576.0,,2024-07-01,9736.7,195.77158942394692,9550.666296452773,186.03370354722756,9738.617036880554,201.11449911254863,9699.3592436099,0.8265718781579849,,0.9026809222719171
2024-08,3846.9,3880.9,1673.1,45537.0,650.0,,2024-08-01,9400.9,206.4453082109054,9679.082822660668,-278.18282266066853,9274.400510672658,202.41625824917114,9580.786948282039,-1.2360023684608583,,0.25185128073891083
2024-09,3558.4,3858.9,1617.8,40009.0,630.0,,2024-09-01,9035.1,225.82668899497614,9169.944623153033,-134.84462315303244,9417.738710180294,209.34786220994283,9476.918752577834,-0.5991321534423583,,-0.7699839891290507
2024-10,3592.5,3898.5,1629.4,40239.0,636.0,,2024-10-01,9120.4,226.65573200129228,9220.972362621313,-100.572362621313,9452.010970712014,219.64257640239126,9381.383397188321,-0.4468560539170296,,-1.4128079351967306
2024-11,4259.6,3944.1,1667.8,35940.0,712.0,Electricity spike (planned maintenance?),2024-11-01,9871.5,274.6661101836394,9353.74682080247,517.7531791975307,10070.336512530857,242.3828437266359,9646.695397807722,2.300444540915815,,0.29283979124295834
2024-12,3607.3,3653.1,1558.3,34961.0,677.0,,2024-12-01,8818.699999999999,252.2439289494007,9081.909829364306,-263.20982936430664,9289.37350396902,251.1885903781108,9603.906995737298,-1.1694754168674937,,0.564225237958841
2025-01,3547.3,3702.9,1585.8,36730.0,713.0,,2025-01-01,8836.0,240.56629458208548,9415.776236230964,-579.7762362309641,8972.807097102363,255.82544457170852,9444.172371200746,-2.5760210292815913,,0.27897955686232545
2025-02,3346.1,3562.3,1485.0,32315.0,642.0,,2025-02-01,8393.4,259.73696425808447,8691.368853131866,-297.9688531318661,9254.61448020146,250.84906259652357,9172.265027090949,-1.3239142685952179,,-2.1079556827669097
2025-03,3264.4,3795.1,,34570.0,629.0,Steam meter missing,2025-03-01,7059.5,204.20885160543824,8776.868521876551,-1717.3685218765513,7835.214811456775,234.83737014853605,8687.5454629202,-7.6304911290256285,MISSING_DATA|ANOMALY_RESID|DRIFT_HINT,-4.07151316567791
2025-04,3338.0,3917.5,1555.2,39777.0,635.0,,2025-04-01,8810.7,221.50237574477714,9182.29922014574,-371.5992201457393,9180.984113187587,228.48273053609992,8756.937801615275,-1.6510635409670837,DRIFT_HINT,-3.0534723444515532
2025-05,3486.6,3891.6,1570.4,41087.0,622.0,,2025-05-01,8948.6,217.79638328425048,9200.507187852278,-251.90718785227727,9300.67614548105,214.50253687815527,8772.291690041804,-1.1192563143897925,,-1.777133423212734
2025-06,3578.8,4183.6,1717.0,46572.0,595.0,,2025-06-01,9479.400000000001,203.54290131409434,9435.159493333605,44.24050666639596,9596.823839999723,214.28055344770732,9359.49469955612,0.19656631023646967,,2.985557627260677
2025-07,3435.1,4261.8,1606.7,45057.0,592.0,Possible gas efficiency drift,2025-07-01,9303.6,206.48511884945736,9309.954214654063,-6.354214654062162,9546.229118679265,209.27480114926735,9481.243034720012,-0.028232600011071623,DRIFT_HINT,3.2181821114745115
2025-08,3546.5,4441.2,1643.2,44455.0,608.0,Possible gas efficiency drift,2025-08-01,9630.9,216.64379709818917,9359.486549184969,271.41345081503096,9823.996784148358,208.8906057539136,9655.683247609115,1.205925171191182,DRIFT_HINT,3.9250232885996947
2025-09,3639.3,4530.6,1715.1,51318.0,609.0,Possible gas efficiency drift,2025-09-01,9885.0,192.6224716473752,9853.963054988775,31.036945011224816,9583.620278344551,205.2504625316739,9651.282060390724,0.13790117296515286,,1.2964490964218898
2025-10,3566.2,4534.4,1656.3,45821.0,660.0,Possible gas efficiency drift,2025-10-01,9756.9,212.93511708605226,9757.05571228263,-0.15571228263070225,9552.427621050696,207.4004619438722,9653.348227847868,-0.0006918498715672354,,0.764685699483054
2025-11,3702.2,4578.6,1766.3,44559.0,690.0,Possible gas efficiency drift,2025-11-01,10047.099999999999,225.47857896272353,9840.440353640954,206.65964635904493,9759.242979692372,210.34538923205028,9631.76362636254,0.9182156177796872,,-0.1062779801811024
2025-12,3766.9,4363.3,1717.5,38438.0,720.0,Possible gas efficiency drift,2025-12-01,9847.7,256.19699255944636,9577.824597809482,269.8754021905188,9822.458735523845,231.53689620274068,9711.376445422306,1.199091421628493,,0.2670071484637831
